season,hometeam,homegoals,awayteam,awaygoals,Expected Goals (xG)home,Ball Possessionhome,Goal Attemptshome,Shots on Goalhome,Shots off Goalhome,Free Kickshome,Corner Kickshome,Offsideshome,Throw-inshome,Goalkeeper Saveshome,Foulshome,Total Passeshome,Tackleshome,Attackshome,Dangerous Attackshome,Expected Goals (xG)away,Ball Possessionaway,Goal Attemptsaway,Shots on Goalaway,Shots off Goalaway,Free Kicksaway,Corner Kicksaway,Offsidesaway,Throw-insaway,Goalkeeper Savesaway,Foulsaway,Total Passesaway,Tacklesaway,Attacksaway,Dangerous Attacksaway
['2022-2023'],Arsenal,5,Wolves,0,2.68,51%,14,8,6,9,8,1,12,0,8,456,17,92,56,0.51,49%,6,0,6,9,4,0,14,3,11,432,9,70,35
season,hometeam,homegoals,awayteam,awaygoals,Expected Goals (xG)home,Ball Possessionhome,Goal Attemptshome,Shots on Goalhome,Shots off Goalhome,Free Kickshome,Corner Kickshome,Offsideshome,Throw-inshome,Goalkeeper Saveshome,Foulshome,Yellow Cardshome,Total Passeshome,Tackleshome,Attackshome,Dangerous Attackshome,Expected Goals (xG)away,Ball Possessionaway,Goal Attemptsaway,Shots on Goalaway,Shots off Goalaway,Free Kicksaway,Corner Kicksaway,Offsidesaway,Throw-insaway,Goalkeeper Savesaway,Foulsaway,Yellow Cardsaway,Total Passesaway,Tacklesaway,Attacksaway,Dangerous Attacksaway
['2022-2023'],Aston Villa,2,Brighton,1,2.87,41%,12,5,7,22,3,0,20,3,15,4,283,14,90,37,1.56,59%,8,4,4,15,3,6,13,3,16,4,427,13,67,34
season,hometeam,homegoals,awayteam,awaygoals,Expected Goals (xG)home,Ball Possessionhome,Goal Attemptshome,Shots on Goalhome,Shots off Goalhome,Free Kickshome,Corner Kickshome,Offsideshome,Throw-inshome,Goalkeeper Saveshome,Foulshome,Yellow Cardshome,Total Passeshome,Tackleshome,Attackshome,Dangerous Attackshome,Expected Goals (xG)away,Ball Possessionaway,Goal Attemptsaway,Shots on Goalaway,Shots off Goalaway,Free Kicksaway,Corner Kicksaway,Offsidesaway,Throw-insaway,Goalkeeper Savesaway,Foulsaway,Yellow Cardsaway,Total Passesaway,Tacklesaway,Attacksaway,Dangerous Attacksaway
['2022-2023'],Brentford,1,Manchester City,0,0.44,34%,11,4,7,8,3,3,9,3,12,4,323,17,89,46,0.60,66%,17,3,14,13,4,0,14,3,8,0,635,14,110,81
season,hometeam,homegoals,awayteam,awaygoals,Expected Goals (xG)home,Ball Possessionhome,Goal Attemptshome,Shots on Goalhome,Shots off Goalhome,Free Kickshome,Corner Kickshome,Offsideshome,Throw-inshome,Goalkeeper Saveshome,Foulshome,Total Passeshome,Tackleshome,Attackshome,Dangerous Attackshome,Expected Goals (xG)away,Ball Possessionaway,Goal Attemptsaway,Shots on Goalaway,Shots off Goalaway,Free Kicksaway,Corner Kicksaway,Offsidesaway,Throw-insaway,Goalkeeper Savesaway,Foulsaway,Total Passesaway,Tacklesaway,Attacksaway,Dangerous Attacksaway
['2022-2023'],Chelsea,1,Newcastle,1,1.77,65%,22,5,17,13,10,2,15,3,9,593,21,129,74,1.50,35%,13,4,9,9,3,1,16,4,11,329,14,63,40
season,hometeam,homegoals,awayteam,awaygoals,Expected Goals (xG)home,Ball Possessionhome,Goal Attemptshome,Shots on Goalhome,Shots off Goalhome,Free Kickshome,Corner Kickshome,Offsideshome,Throw-inshome,Goalkeeper Saveshome,Foulshome,Yellow Cardshome,Total Passeshome,Tackleshome,Attackshome,Dangerous Attackshome,Expected Goals (xG)away,Ball Possessionaway,Goal Attemptsaway,Shots on Goalaway,Shots off Goalaway,Free Kicksaway,Corner Kicksaway,Offsidesaway,Throw-insaway,Goalkeeper Savesaway,Foulsaway,Yellow Cardsaway,Total Passesaway,Tacklesaway,Attacksaway,Dangerous Attacksaway
['2022-2023'],Crystal Palace,1,Nottingham,1,1.73,66%,15,3,12,13,5,2,22,3,9,0,538,15,57,30,0.46,34%,7,4,3,10,4,2,11,2,13,2,276,19,46,12
season,hometeam,homegoals,awayteam,awaygoals,Expected Goals (xG)home,Ball Possessionhome,Goal Attemptshome,Shots on Goalhome,Shots off Goalhome,Free Kickshome,Corner Kickshome,Offsideshome,Throw-inshome,Goalkeeper Saveshome,Foulshome,Yellow Cardshome,Total Passeshome,Tackleshome,Attackshome,Dangerous Attackshome,Expected Goals (xG)away,Ball Possessionaway,Goal Attemptsaway,Shots on Goalaway,Shots off Goalaway,Free Kicksaway,Corner Kicksaway,Offsidesaway,Throw-insaway,Goalkeeper Savesaway,Foulsaway,Yellow Cardsaway,Total Passesaway,Tacklesaway,Attacksaway,Dangerous Attacksaway
['2022-2023'],Everton,1,Bournemouth,0,1.00,38%,13,6,7,14,9,0,22,2,11,1,305,18,110,51,0.46,62%,7,2,5,11,3,1,21,5,12,3,533,12,94,42
season,hometeam,homegoals,awayteam,awaygoals,Expected Goals (xG)home,Ball Possessionhome,Goal Attemptshome,Shots on Goalhome,Shots off Goalhome,Free Kickshome,Corner Kickshome,Offsideshome,Throw-inshome,Goalkeeper Saveshome,Foulshome,Yellow Cardshome,Total Passeshome,Tackleshome,Attackshome,Dangerous Attackshome,Expected Goals (xG)away,Ball Possessionaway,Goal Attemptsaway,Shots on Goalaway,Shots off Goalaway,Free Kicksaway,Corner Kicksaway,Offsidesaway,Throw-insaway,Goalkeeper Savesaway,Foulsaway,Yellow Cardsaway,Total Passesaway,Tacklesaway,Attacksaway,Dangerous Attacksaway
['2022-2023'],Leeds,1,Tottenham,4,1.53,52%,19,2,17,4,12,1,21,3,7,3,441,22,139,84,2.09,48%,11,7,4,7,3,1,20,1,5,0,437,26,92,28
season,hometeam,homegoals,awayteam,awaygoals,Expected Goals (xG)home,Ball Possessionhome,Goal Attemptshome,Shots on Goalhome,Shots off Goalhome,Free Kickshome,Corner Kickshome,Offsideshome,Throw-inshome,Goalkeeper Saveshome,Foulshome,Yellow Cardshome,Total Passeshome,Tackleshome,Attackshome,Dangerous Attackshome,Expected Goals (xG)away,Ball Possessionaway,Goal Attemptsaway,Shots on Goalaway,Shots off Goalaway,Free Kicksaway,Corner Kicksaway,Offsidesaway,Throw-insaway,Goalkeeper Savesaway,Foulsaway,Yellow Cardsaway,Total Passesaway,Tacklesaway,Attacksaway,Dangerous Attacksaway
['2022-2023'],Leicester,2,West Ham,1,1.40,48%,13,4,9,14,3,2,17,2,8,1,541,11,103,41,1.38,52%,16,3,13,10,5,3,11,2,10,1,565,17,110,49
season,hometeam,homegoals,awayteam,awaygoals,Expected Goals (xG)home,Ball Possessionhome,Goal Attemptshome,Shots on Goalhome,Shots off Goalhome,Free Kickshome,Corner Kickshome,Offsideshome,Throw-inshome,Goalkeeper Saveshome,Foulshome,Yellow Cardshome,Total Passeshome,Tackleshome,Attackshome,Dangerous Attackshome,Expected Goals (xG)away,Ball Possessionaway,Goal Attemptsaway,Shots on Goalaway,Shots off Goalaway,Free Kicksaway,Corner Kicksaway,Offsidesaway,Throw-insaway,Goalkeeper Savesaway,Foulsaway,Yellow Cardsaway,Total Passesaway,Tacklesaway,Attacksaway,Dangerous Attacksaway
['2022-2023'],Manchester Utd,2,Fulham,1,2.79,53%,21,8,13,9,5,1,9,2,14,1,493,19,120,43,1.92,47%,10,3,7,14,4,1,14,6,10,2,426,15,98,31
season,hometeam,homegoals,awayteam,awaygoals,Expected Goals (xG)home,Ball Possessionhome,Goal Attemptshome,Shots on Goalhome,Shots off Goalhome,Free Kickshome,Corner Kickshome,Offsideshome,Throw-inshome,Goalkeeper Saveshome,Foulshome,Yellow Cardshome,Total Passeshome,Tackleshome,Attackshome,Dangerous Attackshome,Expected Goals (xG)away,Ball Possessionaway,Goal Attemptsaway,Shots on Goalaway,Shots off Goalaway,Free Kicksaway,Corner Kicksaway,Offsidesaway,Throw-insaway,Goalkeeper Savesaway,Foulsaway,Yellow Cardsaway,Total Passesaway,Tacklesaway,Attacksaway,Dangerous Attacksaway
['2022-2023'],Southampton,4,Liverpool,4,1.90,31%,15,10,5,10,2,0,16,4,4,0,272,21,36,8,3.80,69%,30,8,22,5,9,0,21,6,10,2,604,20,101,69
season,hometeam,homegoals,awayteam,awaygoals,Expected Goals (xG)home,Ball Possessionhome,Goal Attemptshome,Shots on Goalhome,Shots off Goalhome,Free Kickshome,Corner Kickshome,Offsideshome,Throw-inshome,Goalkeeper Saveshome,Foulshome,Yellow Cardshome,Total Passeshome,Tackleshome,Attackshome,Dangerous Attackshome,Expected Goals (xG)away,Ball Possessionaway,Goal Attemptsaway,Shots on Goalaway,Shots off Goalaway,Free Kicksaway,Corner Kicksaway,Offsidesaway,Throw-insaway,Goalkeeper Savesaway,Foulsaway,Yellow Cardsaway,Total Passesaway,Tacklesaway,Attacksaway,Dangerous Attacksaway
['2022-2023'],Manchester Utd,4,Chelsea,1,4.65,41%,18,9,9,6,3,0,15,4,12,1,438,19,92,59,1.75,59%,14,5,9,12,4,0,13,5,6,1,617,21,118,67
season,hometeam,homegoals,awayteam,awaygoals,Expected Goals (xG)home,Ball Possessionhome,Goal Attemptshome,Shots on Goalhome,Shots off Goalhome,Free Kickshome,Corner Kickshome,Offsideshome,Throw-inshome,Goalkeeper Saveshome,Foulshome,Yellow Cardshome,Total Passeshome,Tackleshome,Attackshome,Dangerous Attackshome,Expected Goals (xG)away,Ball Possessionaway,Goal Attemptsaway,Shots on Goalaway,Shots off Goalaway,Free Kicksaway,Corner Kicksaway,Offsidesaway,Throw-insaway,Goalkeeper Savesaway,Foulsaway,Yellow Cardsaway,Total Passesaway,Tacklesaway,Attacksaway,Dangerous Attacksaway
['2022-2023'],Brighton,1,Manchester City,1,2.40,40%,20,7,13,13,5,2,5,3,16,2,386,12,83,47,1.77,60%,13,4,9,15,1,0,9,6,11,1,607,12,109,33
season,hometeam,homegoals,awayteam,awaygoals,Expected Goals (xG)home,Ball Possessionhome,Goal Attemptshome,Shots on Goalhome,Shots off Goalhome,Free Kickshome,Corner Kickshome,Offsideshome,Throw-inshome,Goalkeeper Saveshome,Foulshome,Yellow Cardshome,Total Passeshome,Tackleshome,Attackshome,Dangerous Attackshome,Expected Goals (xG)away,Ball Possessionaway,Goal Attemptsaway,Shots on Goalaway,Shots off Goalaway,Free Kicksaway,Corner Kicksaway,Offsidesaway,Throw-insaway,Goalkeeper Savesaway,Foulsaway,Yellow Cardsaway,Total Passesaway,Tacklesaway,Attacksaway,Dangerous Attacksaway
['2022-2023'],Newcastle,0,Leicester,0,2.35,77%,23,4,19,5,12,1,19,1,9,2,702,6,137,100,0.08,23%,1,1,0,10,1,0,11,4,5,0,209,17,66,16
season,hometeam,homegoals,awayteam,awaygoals,Expected Goals (xG)home,Ball Possessionhome,Goal Attemptshome,Shots on Goalhome,Shots off Goalhome,Free Kickshome,Corner Kickshome,Offsideshome,Throw-inshome,Goalkeeper Saveshome,Foulshome,Yellow Cardshome,Total Passeshome,Tackleshome,Attackshome,Dangerous Attackshome,Expected Goals (xG)away,Ball Possessionaway,Goal Attemptsaway,Shots on Goalaway,Shots off Goalaway,Free Kicksaway,Corner Kicksaway,Offsidesaway,Throw-insaway,Goalkeeper Savesaway,Foulsaway,Yellow Cardsaway,Total Passesaway,Tacklesaway,Attacksaway,Dangerous Attacksaway
['2022-2023'],Manchester City,1,Chelsea,0,1.25,65%,15,2,13,11,5,2,16,6,12,0,692,8,117,46,1.37,35%,13,6,7,14,2,2,11,1,9,2,380,17,58,32
season,hometeam,homegoals,awayteam,awaygoals,Expected Goals (xG)home,Ball Possessionhome,Goal Attemptshome,Shots on Goalhome,Shots off Goalhome,Free Kickshome,Corner Kickshome,Offsideshome,Throw-inshome,Goalkeeper Saveshome,Foulshome,Yellow Cardshome,Total Passeshome,Tackleshome,Attackshome,Dangerous Attackshome,Expected Goals (xG)away,Ball Possessionaway,Goal Attemptsaway,Shots on Goalaway,Shots off Goalaway,Free Kicksaway,Corner Kicksaway,Offsidesaway,Throw-insaway,Goalkeeper Savesaway,Foulsaway,Yellow Cardsaway,Total Passesaway,Tacklesaway,Attacksaway,Dangerous Attacksaway
['2022-2023'],Brighton,3,Southampton,1,2.79,63%,26,8,18,10,4,1,16,0,8,2,627,13,128,62,0.72,37%,5,1,4,9,3,1,14,5,9,5,368,16,49,19
season,hometeam,homegoals,awayteam,awaygoals,Expected Goals (xG)home,Ball Possessionhome,Goal Attemptshome,Shots on Goalhome,Shots off Goalhome,Free Kickshome,Corner Kickshome,Offsideshome,Throw-inshome,Goalkeeper Saveshome,Foulshome,Yellow Cardshome,Total Passeshome,Tackleshome,Attackshome,Dangerous Attackshome,Expected Goals (xG)away,Ball Possessionaway,Goal Attemptsaway,Shots on Goalaway,Shots off Goalaway,Free Kicksaway,Corner Kicksaway,Offsidesaway,Throw-insaway,Goalkeeper Savesaway,Foulsaway,Yellow Cardsaway,Total Passesaway,Tacklesaway,Attacksaway,Dangerous Attacksaway
['2022-2023'],West Ham,3,Leeds,1,2.09,59%,19,9,10,12,9,1,25,2,6,1,518,11,102,69,0.80,41%,12,3,9,9,5,1,17,6,11,3,350,23,110,56
season,hometeam,homegoals,awayteam,awaygoals,Expected Goals (xG)home,Ball Possessionhome,Goal Attemptshome,Shots on Goalhome,Shots off Goalhome,Free Kickshome,Corner Kickshome,Offsideshome,Throw-inshome,Goalkeeper Saveshome,Foulshome,Yellow Cardshome,Total Passeshome,Tackleshome,Attackshome,Dangerous Attackshome,Expected Goals (xG)away,Ball Possessionaway,Goal Attemptsaway,Shots on Goalaway,Shots off Goalaway,Free Kicksaway,Corner Kicksaway,Offsidesaway,Throw-insaway,Goalkeeper Savesaway,Foulsaway,Yellow Cardsaway,Total Passesaway,Tacklesaway,Attacksaway,Dangerous Attacksaway
['2022-2023'],Nottingham,1,Arsenal,0,0.58,18%,6,2,4,13,3,1,14,3,11,3,161,18,74,30,0.66,82%,11,3,8,12,6,1,10,1,12,2,724,8,127,89
season,hometeam,homegoals,awayteam,awaygoals,Expected Goals (xG)home,Ball Possessionhome,Goal Attemptshome,Shots on Goalhome,Shots off Goalhome,Free Kickshome,Corner Kickshome,Offsideshome,Throw-inshome,Goalkeeper Saveshome,Foulshome,Yellow Cardshome,Total Passeshome,Tackleshome,Attackshome,Dangerous Attackshome,Expected Goals (xG)away,Ball Possessionaway,Goal Attemptsaway,Shots on Goalaway,Shots off Goalaway,Free Kicksaway,Corner Kicksaway,Offsidesaway,Throw-insaway,Goalkeeper Savesaway,Foulsaway,Yellow Cardsaway,Total Passesaway,Tacklesaway,Attacksaway,Dangerous Attacksaway
['2022-2023'],Bournemouth,0,Manchester Utd,1,1.18,41%,10,4,6,9,3,0,11,4,6,1,453,12,90,40,1.47,59%,20,5,15,6,6,2,21,4,7,0,655,26,132,80
season,hometeam,homegoals,awayteam,awaygoals,Expected Goals (xG)home,Ball Possessionhome,Goal Attemptshome,Shots on Goalhome,Shots off Goalhome,Free Kickshome,Corner Kickshome,Offsideshome,Throw-inshome,Goalkeeper Saveshome,Foulshome,Yellow Cardshome,Total Passeshome,Tackleshome,Attackshome,Dangerous Attackshome,Expected Goals (xG)away,Ball Possessionaway,Goal Attemptsaway,Shots on Goalaway,Shots off Goalaway,Free Kicksaway,Corner Kicksaway,Offsidesaway,Throw-insaway,Goalkeeper Savesaway,Foulsaway,Yellow Cardsaway,Total Passesaway,Tacklesaway,Attacksaway,Dangerous Attacksaway
['2022-2023'],Fulham,2,Crystal Palace,2,1.67,49%,11,4,7,14,7,2,17,3,13,3,352,16,86,53,1.89,51%,11,5,6,13,4,2,16,2,12,0,371,12,85,40
season,hometeam,homegoals,awayteam,awaygoals,Expected Goals (xG)home,Ball Possessionhome,Goal Attemptshome,Shots on Goalhome,Shots off Goalhome,Free Kickshome,Corner Kickshome,Offsideshome,Throw-inshome,Goalkeeper Saveshome,Foulshome,Yellow Cardshome,Total Passeshome,Tackleshome,Attackshome,Dangerous Attackshome,Expected Goals (xG)away,Ball Possessionaway,Goal Attemptsaway,Shots on Goalaway,Shots off Goalaway,Free Kicksaway,Corner Kicksaway,Offsidesaway,Throw-insaway,Goalkeeper Savesaway,Foulsaway,Yellow Cardsaway,Total Passesaway,Tacklesaway,Attacksaway,Dangerous Attacksaway
['2022-2023'],Liverpool,1,Aston Villa,1,0.67,66%,10,5,5,14,9,4,21,2,16,3,510,18,116,92,1.51,34%,6,3,3,20,3,1,16,4,13,5,267,29,50,29
season,hometeam,homegoals,awayteam,awaygoals,Expected Goals (xG)home,Ball Possessionhome,Goal Attemptshome,Shots on Goalhome,Shots off Goalhome,Free Kickshome,Corner Kickshome,Offsideshome,Throw-inshome,Goalkeeper Saveshome,Foulshome,Yellow Cardshome,Total Passeshome,Tackleshome,Attackshome,Dangerous Attackshome,Expected Goals (xG)away,Ball Possessionaway,Goal Attemptsaway,Shots on Goalaway,Shots off Goalaway,Free Kicksaway,Corner Kicksaway,Offsidesaway,Throw-insaway,Goalkeeper Savesaway,Foulsaway,Yellow Cardsaway,Total Passesaway,Tacklesaway,Attacksaway,Dangerous Attacksaway
['2022-2023'],Wolves,1,Everton,1,1.37,53%,13,5,8,10,1,1,10,3,18,5,451,12,68,29,1.93,47%,19,4,15,19,7,0,22,4,10,1,382,19,109,72
season,hometeam,homegoals,awayteam,awaygoals,Expected Goals (xG)home,Ball Possessionhome,Goal Attemptshome,Shots on Goalhome,Shots off Goalhome,Free Kickshome,Corner Kickshome,Offsideshome,Throw-inshome,Goalkeeper Saveshome,Foulshome,Yellow Cardshome,Total Passeshome,Tackleshome,Attackshome,Dangerous Attackshome,Expected Goals (xG)away,Ball Possessionaway,Goal Attemptsaway,Shots on Goalaway,Shots off Goalaway,Free Kicksaway,Corner Kicksaway,Offsidesaway,Throw-insaway,Goalkeeper Savesaway,Foulsaway,Yellow Cardsaway,Total Passesaway,Tacklesaway,Attacksaway,Dangerous Attacksaway
['2022-2023'],Tottenham,1,Brentford,3,1.76,62%,22,8,14,10,8,1,18,1,11,1,581,12,105,54,1.20,38%,11,4,7,12,2,1,19,7,9,1,364,11,98,49
season,hometeam,homegoals,awayteam,awaygoals,Expected Goals (xG)home,Ball Possessionhome,Goal Attemptshome,Shots on Goalhome,Shots off Goalhome,Free Kickshome,Corner Kickshome,Offsideshome,Throw-inshome,Goalkeeper Saveshome,Foulshome,Yellow Cardshome,Total Passeshome,Tackleshome,Attackshome,Dangerous Attackshome,Expected Goals (xG)away,Ball Possessionaway,Goal Attemptsaway,Shots on Goalaway,Shots off Goalaway,Free Kicksaway,Corner Kicksaway,Offsidesaway,Throw-insaway,Goalkeeper Savesaway,Foulsaway,Yellow Cardsaway,Total Passesaway,Tacklesaway,Attacksaway,Dangerous Attacksaway
['2022-2023'],Newcastle,4,Brighton,1,2.99,34%,22,9,13,16,6,1,25,1,17,2,254,11,98,45,0.53,66%,8,2,6,15,1,2,18,5,16,4,521,14,82,33
season,hometeam,homegoals,awayteam,awaygoals,Expected Goals (xG)home,Ball Possessionhome,Goal Attemptshome,Shots on Goalhome,Shots off Goalhome,Free Kickshome,Corner Kickshome,Offsideshome,Throw-inshome,Goalkeeper Saveshome,Foulshome,Yellow Cardshome,Total Passeshome,Tackleshome,Attackshome,Dangerous Attackshome,Expected Goals (xG)away,Ball Possessionaway,Goal Attemptsaway,Shots on Goalaway,Shots off Goalaway,Free Kicksaway,Corner Kicksaway,Offsidesaway,Throw-insaway,Goalkeeper Savesaway,Foulsaway,Yellow Cardsaway,Total Passesaway,Tacklesaway,Attacksaway,Dangerous Attacksaway
['2022-2023'],Leicester,0,Liverpool,3,0.59,33%,4,4,0,21,4,3,26,2,11,2,331,36,98,26,2.21,67%,16,5,11,14,4,4,28,4,17,1,675,18,142,54
season,hometeam,homegoals,awayteam,awaygoals,Expected Goals (xG)home,Ball Possessionhome,Goal Attemptshome,Shots on Goalhome,Shots off Goalhome,Free Kickshome,Corner Kickshome,Offsideshome,Throw-inshome,Goalkeeper Saveshome,Foulshome,Yellow Cardshome,Total Passeshome,Tackleshome,Attackshome,Dangerous Attackshome,Expected Goals (xG)away,Ball Possessionaway,Goal Attemptsaway,Shots on Goalaway,Shots off Goalaway,Free Kicksaway,Corner Kicksaway,Offsidesaway,Throw-insaway,Goalkeeper Savesaway,Foulsaway,Yellow Cardsaway,Total Passesaway,Tacklesaway,Attacksaway,Dangerous Attacksaway
['2022-2023'],Arsenal,0,Brighton,3,0.76,41%,14,2,12,21,5,1,10,3,13,1,360,20,101,37,1.71,59%,12,6,6,14,2,4,15,2,17,2,535,15,80,25
season,hometeam,homegoals,awayteam,awaygoals,Expected Goals (xG)home,Ball Possessionhome,Goal Attemptshome,Shots on Goalhome,Shots off Goalhome,Free Kickshome,Corner Kickshome,Offsideshome,Throw-inshome,Goalkeeper Saveshome,Foulshome,Yellow Cardshome,Total Passeshome,Tackleshome,Attackshome,Dangerous Attackshome,Expected Goals (xG)away,Ball Possessionaway,Goal Attemptsaway,Shots on Goalaway,Shots off Goalaway,Free Kicksaway,Corner Kicksaway,Offsidesaway,Throw-insaway,Goalkeeper Savesaway,Foulsaway,Yellow Cardsaway,Total Passesaway,Tacklesaway,Attacksaway,Dangerous Attacksaway
['2022-2023'],Brentford,2,West Ham,0,3.62,53%,24,10,14,8,7,3,22,4,5,1,506,20,99,65,0.22,47%,4,4,0,8,5,3,17,8,5,0,447,11,94,37
season,hometeam,homegoals,awayteam,awaygoals,Expected Goals (xG)home,Ball Possessionhome,Goal Attemptshome,Shots on Goalhome,Shots off Goalhome,Free Kickshome,Corner Kickshome,Offsideshome,Throw-inshome,Goalkeeper Saveshome,Foulshome,Yellow Cardshome,Total Passeshome,Tackleshome,Attackshome,Dangerous Attackshome,Expected Goals (xG)away,Ball Possessionaway,Goal Attemptsaway,Shots on Goalaway,Shots off Goalaway,Free Kicksaway,Corner Kicksaway,Offsidesaway,Throw-insaway,Goalkeeper Savesaway,Foulsaway,Yellow Cardsaway,Total Passesaway,Tacklesaway,Attacksaway,Dangerous Attacksaway
['2022-2023'],Everton,0,Manchester City,3,1.76,37%,7,3,4,4,8,1,13,1,11,1,381,16,68,49,0.70,63%,9,4,5,12,6,0,14,3,4,0,670,7,110,60
season,hometeam,homegoals,awayteam,awaygoals,Expected Goals (xG)home,Ball Possessionhome,Goal Attemptshome,Shots on Goalhome,Shots off Goalhome,Free Kickshome,Corner Kickshome,Offsideshome,Throw-inshome,Goalkeeper Saveshome,Foulshome,Yellow Cardshome,Total Passeshome,Tackleshome,Attackshome,Dangerous Attackshome,Expected Goals (xG)away,Ball Possessionaway,Goal Attemptsaway,Shots on Goalaway,Shots off Goalaway,Free Kicksaway,Corner Kicksaway,Offsidesaway,Throw-insaway,Goalkeeper Savesaway,Foulsaway,Yellow Cardsaway,Total Passesaway,Tacklesaway,Attacksaway,Dangerous Attacksaway
['2022-2023'],Aston Villa,2,Tottenham,1,1.16,49%,8,4,4,23,8,2,9,1,9,3,412,11,109,50,1.18,51%,5,2,3,11,3,9,15,2,14,3,435,16,74,34
season,hometeam,homegoals,awayteam,awaygoals,Expected Goals (xG)home,Ball Possessionhome,Goal Attemptshome,Shots on Goalhome,Shots off Goalhome,Free Kickshome,Corner Kickshome,Offsideshome,Throw-inshome,Goalkeeper Saveshome,Foulshome,Yellow Cardshome,Total Passeshome,Tackleshome,Attackshome,Dangerous Attackshome,Expected Goals (xG)away,Ball Possessionaway,Goal Attemptsaway,Shots on Goalaway,Shots off Goalaway,Free Kicksaway,Corner Kicksaway,Offsidesaway,Throw-insaway,Goalkeeper Savesaway,Foulsaway,Yellow Cardsaway,Total Passesaway,Tacklesaway,Attacksaway,Dangerous Attacksaway
['2022-2023'],Chelsea,2,Nottingham,2,1.14,76%,14,6,8,16,2,1,24,0,13,3,708,14,160,70,1.72,24%,11,2,9,13,5,2,13,4,15,1,217,28,57,28
season,hometeam,homegoals,awayteam,awaygoals,Expected Goals (xG)home,Ball Possessionhome,Goal Attemptshome,Shots on Goalhome,Shots off Goalhome,Free Kickshome,Corner Kickshome,Offsideshome,Throw-inshome,Goalkeeper Saveshome,Foulshome,Yellow Cardshome,Total Passeshome,Tackleshome,Attackshome,Dangerous Attackshome,Expected Goals (xG)away,Ball Possessionaway,Goal Attemptsaway,Shots on Goalaway,Shots off Goalaway,Free Kicksaway,Corner Kicksaway,Offsidesaway,Throw-insaway,Goalkeeper Savesaway,Foulsaway,Yellow Cardsaway,Total Passesaway,Tacklesaway,Attacksaway,Dangerous Attacksaway
['2022-2023'],Crystal Palace,2,Bournemouth,0,1.50,60%,17,5,12,13,11,2,15,0,5,0,604,22,138,87,0.32,40%,5,0,5,7,2,1,17,3,12,2,410,20,72,19
season,hometeam,homegoals,awayteam,awaygoals,Expected Goals (xG)home,Ball Possessionhome,Goal Attemptshome,Shots on Goalhome,Shots off Goalhome,Free Kickshome,Corner Kickshome,Offsideshome,Throw-inshome,Goalkeeper Saveshome,Foulshome,Yellow Cardshome,Total Passeshome,Tackleshome,Attackshome,Dangerous Attackshome,Expected Goals (xG)away,Ball Possessionaway,Goal Attemptsaway,Shots on Goalaway,Shots off Goalaway,Free Kicksaway,Corner Kicksaway,Offsidesaway,Throw-insaway,Goalkeeper Savesaway,Foulsaway,Yellow Cardsaway,Total Passesaway,Tacklesaway,Attacksaway,Dangerous Attacksaway
['2022-2023'],Manchester Utd,2,Wolves,0,2.51,48%,27,9,18,7,11,0,15,0,9,3,439,13,124,66,0.34,52%,5,0,5,8,7,1,18,7,9,2,469,8,88,53
season,hometeam,homegoals,awayteam,awaygoals,Expected Goals (xG)home,Ball Possessionhome,Goal Attemptshome,Shots on Goalhome,Shots off Goalhome,Free Kickshome,Corner Kickshome,Offsideshome,Throw-inshome,Goalkeeper Saveshome,Foulshome,Yellow Cardshome,Total Passeshome,Tackleshome,Attackshome,Dangerous Attackshome,Expected Goals (xG)away,Ball Possessionaway,Goal Attemptsaway,Shots on Goalaway,Shots off Goalaway,Free Kicksaway,Corner Kicksaway,Offsidesaway,Throw-insaway,Goalkeeper Savesaway,Foulsaway,Yellow Cardsaway,Total Passesaway,Tacklesaway,Attacksaway,Dangerous Attacksaway
['2022-2023'],Southampton,0,Fulham,2,0.24,35%,5,1,4,13,1,4,18,2,17,2,349,16,75,33,1.49,65%,9,4,5,21,8,1,17,1,12,0,626,10,125,71
season,hometeam,homegoals,awayteam,awaygoals,Expected Goals (xG)home,Ball Possessionhome,Goal Attemptshome,Shots on Goalhome,Shots off Goalhome,Free Kickshome,Corner Kickshome,Offsideshome,Throw-inshome,Goalkeeper Saveshome,Foulshome,Red Cardshome,Yellow Cardshome,Total Passeshome,Tackleshome,Attackshome,Dangerous Attackshome,Expected Goals (xG)away,Ball Possessionaway,Goal Attemptsaway,Shots on Goalaway,Shots off Goalaway,Free Kicksaway,Corner Kicksaway,Offsidesaway,Throw-insaway,Goalkeeper Savesaway,Foulsaway,Red Cardsaway,Yellow Cardsaway,Total Passesaway,Tacklesaway,Attacksaway,Dangerous Attacksaway
['2022-2023'],Leeds,2,Newcastle,2,2.21,36%,9,4,5,16,2,0,14,3,16,1,4,253,23,80,28,2.78,64%,18,5,13,16,6,2,23,2,14,0,2,452,21,108,87
season,hometeam,homegoals,awayteam,awaygoals,Expected Goals (xG)home,Ball Possessionhome,Goal Attemptshome,Shots on Goalhome,Shots off Goalhome,Free Kickshome,Corner Kickshome,Offsideshome,Throw-inshome,Goalkeeper Saveshome,Foulshome,Yellow Cardshome,Total Passeshome,Tackleshome,Attackshome,Dangerous Attackshome,Expected Goals (xG)away,Ball Possessionaway,Goal Attemptsaway,Shots on Goalaway,Shots off Goalaway,Free Kicksaway,Corner Kicksaway,Offsidesaway,Throw-insaway,Goalkeeper Savesaway,Foulsaway,Yellow Cardsaway,Total Passesaway,Tacklesaway,Attacksaway,Dangerous Attacksaway
['2022-2023'],Nottingham,4,Southampton,3,1.80,36%,9,4,5,11,2,3,14,2,16,1,306,20,69,37,1.60,64%,19,5,14,18,11,1,17,0,10,0,537,6,120,55
season,hometeam,homegoals,awayteam,awaygoals,Expected Goals (xG)home,Ball Possessionhome,Goal Attemptshome,Shots on Goalhome,Shots off Goalhome,Free Kickshome,Corner Kickshome,Offsideshome,Throw-inshome,Goalkeeper Saveshome,Foulshome,Yellow Cardshome,Total Passeshome,Tackleshome,Attackshome,Dangerous Attackshome,Expected Goals (xG)away,Ball Possessionaway,Goal Attemptsaway,Shots on Goalaway,Shots off Goalaway,Free Kicksaway,Corner Kicksaway,Offsidesaway,Throw-insaway,Goalkeeper Savesaway,Foulsaway,Yellow Cardsaway,Total Passesaway,Tacklesaway,Attacksaway,Dangerous Attacksaway
['2022-2023'],Brighton,1,Everton,5,2.99,78%,23,5,18,14,15,1,23,1,11,1,741,11,179,130,2.23,22%,10,5,5,12,1,1,6,4,13,4,221,19,46,32
season,hometeam,homegoals,awayteam,awaygoals,Expected Goals (xG)home,Ball Possessionhome,Goal Attemptshome,Shots on Goalhome,Shots off Goalhome,Free Kickshome,Corner Kickshome,Offsideshome,Throw-inshome,Goalkeeper Saveshome,Foulshome,Yellow Cardshome,Total Passeshome,Tackleshome,Attackshome,Dangerous Attackshome,Expected Goals (xG)away,Ball Possessionaway,Goal Attemptsaway,Shots on Goalaway,Shots off Goalaway,Free Kicksaway,Corner Kicksaway,Offsidesaway,Throw-insaway,Goalkeeper Savesaway,Foulsaway,Yellow Cardsaway,Total Passesaway,Tacklesaway,Attacksaway,Dangerous Attacksaway
['2022-2023'],Fulham,5,Leicester,3,1.21,57%,17,7,10,19,2,1,20,6,13,0,511,22,109,44,2.91,43%,18,9,9,14,7,4,15,2,15,3,380,14,111,49
season,hometeam,homegoals,awayteam,awaygoals,Expected Goals (xG)home,Ball Possessionhome,Goal Attemptshome,Shots on Goalhome,Shots off Goalhome,Free Kickshome,Corner Kickshome,Offsideshome,Throw-inshome,Goalkeeper Saveshome,Foulshome,Yellow Cardshome,Total Passeshome,Tackleshome,Attackshome,Dangerous Attackshome,Expected Goals (xG)away,Ball Possessionaway,Goal Attemptsaway,Shots on Goalaway,Shots off Goalaway,Free Kicksaway,Corner Kicksaway,Offsidesaway,Throw-insaway,Goalkeeper Savesaway,Foulsaway,Yellow Cardsaway,Total Passesaway,Tacklesaway,Attacksaway,Dangerous Attacksaway
['2022-2023'],West Ham,1,Manchester Utd,0,1.21,35%,15,4,11,10,5,1,10,4,4,0,344,17,99,47,1.02,65%,19,4,15,5,6,1,17,3,9,2,681,14,133,53
season,hometeam,homegoals,awayteam,awaygoals,Expected Goals (xG)home,Ball Possessionhome,Goal Attemptshome,Shots on Goalhome,Shots off Goalhome,Free Kickshome,Corner Kickshome,Offsideshome,Throw-inshome,Goalkeeper Saveshome,Foulshome,Yellow Cardshome,Total Passeshome,Tackleshome,Attackshome,Dangerous Attackshome,Expected Goals (xG)away,Ball Possessionaway,Goal Attemptsaway,Shots on Goalaway,Shots off Goalaway,Free Kicksaway,Corner Kicksaway,Offsidesaway,Throw-insaway,Goalkeeper Savesaway,Foulsaway,Yellow Cardsaway,Total Passesaway,Tacklesaway,Attacksaway,Dangerous Attacksaway
['2022-2023'],Newcastle,0,Arsenal,2,1.42,54%,12,5,7,12,9,0,21,4,16,2,395,18,91,63,1.32,46%,10,6,4,16,4,1,15,5,12,1,346,23,81,44
season,hometeam,homegoals,awayteam,awaygoals,Expected Goals (xG)home,Ball Possessionhome,Goal Attemptshome,Shots on Goalhome,Shots off Goalhome,Free Kickshome,Corner Kickshome,Offsideshome,Throw-inshome,Goalkeeper Saveshome,Foulshome,Yellow Cardshome,Total Passeshome,Tackleshome,Attackshome,Dangerous Attackshome,Expected Goals (xG)away,Ball Possessionaway,Goal Attemptsaway,Shots on Goalaway,Shots off Goalaway,Free Kicksaway,Corner Kicksaway,Offsidesaway,Throw-insaway,Goalkeeper Savesaway,Foulsaway,Yellow Cardsaway,Total Passesaway,Tacklesaway,Attacksaway,Dangerous Attacksaway
['2022-2023'],Liverpool,1,Brentford,0,2.23,54%,15,5,10,12,7,1,20,1,19,4,378,9,86,44,0.19,46%,5,1,4,20,3,2,15,4,10,2,326,11,87,45
season,hometeam,homegoals,awayteam,awaygoals,Expected Goals (xG)home,Ball Possessionhome,Goal Attemptshome,Shots on Goalhome,Shots off Goalhome,Free Kickshome,Corner Kickshome,Offsideshome,Throw-inshome,Goalkeeper Saveshome,Foulshome,Yellow Cardshome,Total Passeshome,Tackleshome,Attackshome,Dangerous Attackshome,Expected Goals (xG)away,Ball Possessionaway,Goal Attemptsaway,Shots on Goalaway,Shots off Goalaway,Free Kicksaway,Corner Kicksaway,Offsidesaway,Throw-insaway,Goalkeeper Savesaway,Foulsaway,Yellow Cardsaway,Total Passesaway,Tacklesaway,Attacksaway,Dangerous Attacksaway
['2022-2023'],Bournemouth,1,Chelsea,3,1.12,34%,10,4,6,11,7,1,23,2,9,1,305,16,68,40,1.43,66%,11,5,6,10,7,0,20,3,11,3,600,12,120,83
season,hometeam,homegoals,awayteam,awaygoals,Expected Goals (xG)home,Ball Possessionhome,Goal Attemptshome,Shots on Goalhome,Shots off Goalhome,Free Kickshome,Corner Kickshome,Offsideshome,Throw-inshome,Goalkeeper Saveshome,Foulshome,Yellow Cardshome,Total Passeshome,Tackleshome,Attackshome,Dangerous Attackshome,Expected Goals (xG)away,Ball Possessionaway,Goal Attemptsaway,Shots on Goalaway,Shots off Goalaway,Free Kicksaway,Corner Kicksaway,Offsidesaway,Throw-insaway,Goalkeeper Savesaway,Foulsaway,Yellow Cardsaway,Total Passesaway,Tacklesaway,Attacksaway,Dangerous Attacksaway
['2022-2023'],Manchester City,2,Leeds,1,2.67,81%,18,6,12,19,10,4,12,1,3,0,873,7,152,80,0.22,19%,4,2,2,7,1,3,11,4,16,3,201,10,55,11
season,hometeam,homegoals,awayteam,awaygoals,Expected Goals (xG)home,Ball Possessionhome,Goal Attemptshome,Shots on Goalhome,Shots off Goalhome,Free Kickshome,Corner Kickshome,Offsideshome,Throw-inshome,Goalkeeper Saveshome,Foulshome,Yellow Cardshome,Total Passeshome,Tackleshome,Attackshome,Dangerous Attackshome,Expected Goals (xG)away,Ball Possessionaway,Goal Attemptsaway,Shots on Goalaway,Shots off Goalaway,Free Kicksaway,Corner Kicksaway,Offsidesaway,Throw-insaway,Goalkeeper Savesaway,Foulsaway,Yellow Cardsaway,Total Passesaway,Tacklesaway,Attacksaway,Dangerous Attacksaway
['2022-2023'],Tottenham,1,Crystal Palace,0,1.00,58%,8,3,5,14,8,1,11,2,15,3,514,13,90,33,0.35,42%,7,2,5,16,4,0,26,2,14,5,378,15,104,45
season,hometeam,homegoals,awayteam,awaygoals,Expected Goals (xG)home,Ball Possessionhome,Goal Attemptshome,Shots on Goalhome,Shots off Goalhome,Free Kickshome,Corner Kickshome,Offsideshome,Throw-inshome,Goalkeeper Saveshome,Foulshome,Yellow Cardshome,Total Passeshome,Tackleshome,Attackshome,Dangerous Attackshome,Expected Goals (xG)away,Ball Possessionaway,Goal Attemptsaway,Shots on Goalaway,Shots off Goalaway,Free Kicksaway,Corner Kicksaway,Offsidesaway,Throw-insaway,Goalkeeper Savesaway,Foulsaway,Yellow Cardsaway,Total Passesaway,Tacklesaway,Attacksaway,Dangerous Attacksaway
['2022-2023'],Wolves,1,Aston Villa,0,0.74,38%,6,2,4,11,5,3,14,3,20,3,264,13,65,26,1.62,62%,16,3,13,24,6,2,19,1,9,3,432,10,97,54
season,hometeam,homegoals,awayteam,awaygoals,Expected Goals (xG)home,Ball Possessionhome,Goal Attemptshome,Shots on Goalhome,Shots off Goalhome,Free Kickshome,Corner Kickshome,Offsideshome,Throw-inshome,Goalkeeper Saveshome,Foulshome,Yellow Cardshome,Total Passeshome,Tackleshome,Attackshome,Dangerous Attackshome,Expected Goals (xG)away,Ball Possessionaway,Goal Attemptsaway,Shots on Goalaway,Shots off Goalaway,Free Kicksaway,Corner Kicksaway,Offsidesaway,Throw-insaway,Goalkeeper Savesaway,Foulsaway,Yellow Cardsaway,Total Passesaway,Tacklesaway,Attacksaway,Dangerous Attacksaway
['2022-2023'],Brighton,1,Manchester Utd,0,2.15,60%,22,6,16,16,8,0,7,5,10,4,562,15,119,54,1.26,40%,16,5,11,10,6,2,8,5,14,4,385,20,87,36
season,hometeam,homegoals,awayteam,awaygoals,Expected Goals (xG)home,Ball Possessionhome,Goal Attemptshome,Shots on Goalhome,Shots off Goalhome,Free Kickshome,Corner Kickshome,Offsideshome,Throw-inshome,Goalkeeper Saveshome,Foulshome,Total Passeshome,Tackleshome,Attackshome,Dangerous Attackshome,Expected Goals (xG)away,Ball Possessionaway,Goal Attemptsaway,Shots on Goalaway,Shots off Goalaway,Free Kicksaway,Corner Kicksaway,Offsidesaway,Throw-insaway,Goalkeeper Savesaway,Foulsaway,Total Passesaway,Tacklesaway,Attacksaway,Dangerous Attacksaway
['2022-2023'],Liverpool,1,Fulham,0,1.71,57%,15,3,12,9,7,3,21,3,10,613,14,149,69,0.55,43%,9,3,6,13,5,2,14,2,8,454,15,83,41
season,hometeam,homegoals,awayteam,awaygoals,Expected Goals (xG)home,Ball Possessionhome,Goal Attemptshome,Shots on Goalhome,Shots off Goalhome,Free Kickshome,Corner Kickshome,Offsideshome,Throw-inshome,Goalkeeper Saveshome,Foulshome,Yellow Cardshome,Total Passeshome,Tackleshome,Attackshome,Dangerous Attackshome,Expected Goals (xG)away,Ball Possessionaway,Goal Attemptsaway,Shots on Goalaway,Shots off Goalaway,Free Kicksaway,Corner Kicksaway,Offsidesaway,Throw-insaway,Goalkeeper Savesaway,Foulsaway,Yellow Cardsaway,Total Passesaway,Tacklesaway,Attacksaway,Dangerous Attacksaway
['2022-2023'],Manchester City,3,West Ham,0,2.55,69%,16,7,9,8,6,1,15,2,8,0,723,16,122,61,0.39,31%,6,2,4,9,3,0,11,4,8,1,327,12,66,29
season,hometeam,homegoals,awayteam,awaygoals,Expected Goals (xG)home,Ball Possessionhome,Goal Attemptshome,Shots on Goalhome,Shots off Goalhome,Corner Kickshome,Offsideshome,Goalkeeper Saveshome,Foulshome,Yellow Cardshome,Attackshome,Dangerous Attackshome,Expected Goals (xG)away,Ball Possessionaway,Goal Attemptsaway,Shots on Goalaway,Shots off Goalaway,Corner Kicksaway,Offsidesaway,Goalkeeper Savesaway,Foulsaway,Yellow Cardsaway,Attacksaway,Dangerous Attacksaway
['2022-2023'],Arsenal,3,Chelsea,1,2.10,55%,16,10,6,7,1,3,10,0,126,63,0.60,45%,7,4,3,2,0,7,10,2,79,36
season,hometeam,homegoals,awayteam,awaygoals,Expected Goals (xG)home,Ball Possessionhome,Goal Attemptshome,Shots on Goalhome,Shots off Goalhome,Corner Kickshome,Offsideshome,Goalkeeper Saveshome,Foulshome,Yellow Cardshome,Attackshome,Dangerous Attackshome,Expected Goals (xG)away,Ball Possessionaway,Goal Attemptsaway,Shots on Goalaway,Shots off Goalaway,Corner Kicksaway,Offsidesaway,Goalkeeper Savesaway,Foulsaway,Yellow Cardsaway,Attacksaway,Dangerous Attacksaway
['2022-2023'],Leicester,2,Everton,2,3.53,55%,15,6,9,2,6,6,10,4,101,48,3.39,45%,23,8,15,9,3,4,12,1,114,71
season,hometeam,homegoals,awayteam,awaygoals,Expected Goals (xG)home,Ball Possessionhome,Goal Attemptshome,Shots on Goalhome,Shots off Goalhome,Corner Kickshome,Offsideshome,Goalkeeper Saveshome,Foulshome,Yellow Cardshome,Attackshome,Dangerous Attackshome,Expected Goals (xG)away,Ball Possessionaway,Goal Attemptsaway,Shots on Goalaway,Shots off Goalaway,Corner Kicksaway,Offsidesaway,Goalkeeper Savesaway,Foulsaway,Yellow Cardsaway,Attacksaway,Dangerous Attacksaway
['2022-2023'],Liverpool,4,Tottenham,3,2.57,68%,12,4,8,4,0,4,12,3,137,62,2.15,32%,10,7,3,2,5,0,6,2,70,20
season,hometeam,homegoals,awayteam,awaygoals,Expected Goals (xG)home,Ball Possessionhome,Goal Attemptshome,Shots on Goalhome,Shots off Goalhome,Corner Kickshome,Offsideshome,Goalkeeper Saveshome,Foulshome,Yellow Cardshome,Attackshome,Dangerous Attackshome,Expected Goals (xG)away,Ball Possessionaway,Goal Attemptsaway,Shots on Goalaway,Shots off Goalaway,Corner Kicksaway,Offsidesaway,Goalkeeper Savesaway,Foulsaway,Yellow Cardsaway,Attacksaway,Dangerous Attacksaway
['2022-2023'],Bournemouth,4,Leeds,1,2.13,43%,12,7,5,2,2,5,12,1,86,38,1.79,57%,15,6,9,5,1,3,14,0,122,54
